[Cloud_Data],,,,
Sample_ID,ProjectName,LibraryName,LibraryPrepKitName,IndexAdapterKitName
HTL042,P_240507_Salan006_C16S_setA,HTL042_TAAGGCGA_CTCTCTAT,,
HTL024,P_240507_Salan006_C16S_setA,HTL024_TAAGGCGA_TATCCTCT,,
HTL044,P_240507_Salan006_C16S_setA,HTL044_TAAGGCGA_GTAAGGAG,,
HTL045,P_240507_Salan006_C16S_setA,HTL045_TAAGGCGA_ACTGCATA,,
HTL016,P_240507_Salan006_C16S_setA,HTL016_TAAGGCGA_AAGGAGTA,,
HTL026,P_240507_Salan006_C16S_setA,HTL026_TAAGGCGA_CTAAGCCT,,
HTF16T1,P_240507_Salan006_C16S_setA,HTF16T1_TAAGGCGA_CGTCTAAT,,
HTL082,P_240507_Salan006_C16S_setA,HTL082_TAAGGCGA_TCTCTCCG,,
HTL032,P_240507_Salan006_C16S_setA,HTL032_CGTACTAG_CTCTCTAT,,
HTL062,P_240507_Salan006_C16S_setA,HTL062_CGTACTAG_TATCCTCT,,
HTL015,P_240507_Salan006_C16S_setA,HTL015_CGTACTAG_GTAAGGAG,,
HTL035,P_240507_Salan006_C16S_setA,HTL035_CGTACTAG_ACTGCATA,,
HTL046,P_240507_Salan006_C16S_setA,HTL046_CGTACTAG_AAGGAGTA,,
HTF21T1,P_240507_Salan006_C16S_setA,HTF21T1_CGTACTAG_CTAAGCCT,,
HTF04T0,P_240507_Salan006_C16S_setA,HTF04T0_CGTACTAG_CGTCTAAT,,
HTL084,P_240507_Salan006_C16S_setA,HTL084_CGTACTAG_TCTCTCCG,,
HTL073,P_240507_Salan006_C16S_setA,HTL073_AGGCAGAA_CTCTCTAT,,
HTL053,P_240507_Salan006_C16S_setA,HTL053_AGGCAGAA_TATCCTCT,,
HTL065,P_240507_Salan006_C16S_setA,HTL065_AGGCAGAA_GTAAGGAG,,
HTL056,P_240507_Salan006_C16S_setA,HTL056_AGGCAGAA_ACTGCATA,,
HTL037,P_240507_Salan006_C16S_setA,HTL037_AGGCAGAA_AAGGAGTA,,
HTF13T0,P_240507_Salan006_C16S_setA,HTF13T0_AGGCAGAA_CTAAGCCT,,
HTF29T0,P_240507_Salan006_C16S_setA,HTF29T0_AGGCAGAA_CGTCTAAT,,
HTF27T0,P_240507_Salan006_C16S_setA,HTF27T0_AGGCAGAA_TCTCTCCG,,
HTL022,P_240507_Salan006_C16S_setA,HTL022_TCCTGAGC_CTCTCTAT,,
HTL034,P_240507_Salan006_C16S_setA,HTL034_TCCTGAGC_TATCCTCT,,
HTL007,P_240507_Salan006_C16S_setA,HTL007_TCCTGAGC_GTAAGGAG,,
HTL076,P_240507_Salan006_C16S_setA,HTL076_TCCTGAGC_ACTGCATA,,
HTL066,P_240507_Salan006_C16S_setA,HTL066_TCCTGAGC_AAGGAGTA,,
HTF22T0,P_240507_Salan006_C16S_setA,HTF22T0_TCCTGAGC_CTAAGCCT,,
HTF12T0,P_240507_Salan006_C16S_setA,HTF12T0_TCCTGAGC_CGTCTAAT,,
HTF03T1,P_240507_Salan006_C16S_setA,HTF03T1_TCCTGAGC_TCTCTCCG,,
HTL013,P_240507_Salan006_C16S_setA,HTL013_GGACTCCT_CTCTCTAT,,
HTL055,P_240507_Salan006_C16S_setA,HTL055_GGACTCCT_TATCCTCT,,
HTL075,P_240507_Salan006_C16S_setA,HTL075_GGACTCCT_GTAAGGAG,,
HTL038,P_240507_Salan006_C16S_setA,HTL038_GGACTCCT_ACTGCATA,,
HTL027,P_240507_Salan006_C16S_setA,HTL027_GGACTCCT_AAGGAGTA,,
HTL094,P_240507_Salan006_C16S_setA,HTL094_GGACTCCT_CTAAGCCT,,
HTL092,P_240507_Salan006_C16S_setA,HTL092_GGACTCCT_CGTCTAAT,,
HTF07T0,P_240507_Salan006_C16S_setA,HTF07T0_GGACTCCT_TCTCTCCG,,
HTL004,P_240507_Salan006_C16S_setA,HTL004_TAGGCATG_CTCTCTAT,,
HTL006,P_240507_Salan006_C16S_setA,HTL006_TAGGCATG_TATCCTCT,,
HTL008,P_240507_Salan006_C16S_setA,HTL008_TAGGCATG_GTAAGGAG,,
HTF05T0,P_240507_Salan006_C16S_setA,HTF05T0_TAGGCATG_ACTGCATA,,
HTL017,P_240507_Salan006_C16S_setA,HTL017_TAGGCATG_AAGGAGTA,,
HTF24T0,P_240507_Salan006_C16S_setA,HTF24T0_TAGGCATG_CTAAGCCT,,
HTF08T0,P_240507_Salan006_C16S_setA,HTF08T0_TAGGCATG_CGTCTAAT,,
HTF16T0,P_240507_Salan006_C16S_setA,HTF16T0_TAGGCATG_TCTCTCCG,,
HTL072,P_240507_Salan006_C16S_setA,HTL072_CTCTCTAC_CTCTCTAT,,
HTL074,P_240507_Salan006_C16S_setA,HTL074_CTCTCTAC_TATCCTCT,,
HTF13T1,P_240507_Salan006_C16S_setA,HTF13T1_CTCTCTAC_GTAAGGAG,,
HTL086,P_240507_Salan006_C16S_setA,HTL086_CTCTCTAC_ACTGCATA,,
HTF18T0,P_240507_Salan006_C16S_setA,HTF18T0_CTCTCTAC_AAGGAGTA,,
HTF27T1,P_240507_Salan006_C16S_setA,HTF27T1_CTCTCTAC_CTAAGCCT,,
HTL081,P_240507_Salan006_C16S_setA,HTL081_CTCTCTAC_CGTCTAAT,,
HTF21T0,P_240507_Salan006_C16S_setA,HTF21T0_CTCTCTAC_TCTCTCCG,,
HTL061,P_240507_Salan006_C16S_setA,HTL061_CGAGGCTG_CTCTCTAT,,
HTL063,P_240507_Salan006_C16S_setA,HTL063_CGAGGCTG_TATCCTCT,,
HTF18T1,P_240507_Salan006_C16S_setA,HTF18T1_CGAGGCTG_GTAAGGAG,,
HTL096,P_240507_Salan006_C16S_setA,HTL096_CGAGGCTG_ACTGCATA,,
HTL047,P_240507_Salan006_C16S_setA,HTL047_CGAGGCTG_AAGGAGTA,,
HTF07T1,P_240507_Salan006_C16S_setA,HTF07T1_CGAGGCTG_CTAAGCCT,,
HTF17T1,P_240507_Salan006_C16S_setA,HTF17T1_CGAGGCTG_CGTCTAAT,,
HTF11T1,P_240507_Salan006_C16S_setA,HTF11T1_CGAGGCTG_TCTCTCCG,,
HTL052,P_240507_Salan006_C16S_setA,HTL052_AAGAGGCA_CTCTCTAT,,
HTL043,P_240507_Salan006_C16S_setA,HTL043_AAGAGGCA_TATCCTCT,,
HTL018,P_240507_Salan006_C16S_setA,HTL018_AAGAGGCA_GTAAGGAG,,
HTL095,P_240507_Salan006_C16S_setA,HTL095_AAGAGGCA_ACTGCATA,,
HTF14T0,P_240507_Salan006_C16S_setA,HTF14T0_AAGAGGCA_AAGGAGTA,,
HTL093,P_240507_Salan006_C16S_setA,HTL093_AAGAGGCA_CTAAGCCT,,
HTF26T1,P_240507_Salan006_C16S_setA,HTF26T1_AAGAGGCA_CGTCTAAT,,
HTF02T1,P_240507_Salan006_C16S_setA,HTF02T1_AAGAGGCA_TCTCTCCG,,
HTL033,P_240507_Salan006_C16S_setA,HTL033_GTAGAGGA_CTCTCTAT,,
HTL054,P_240507_Salan006_C16S_setA,HTL054_GTAGAGGA_TATCCTCT,,
HTL009,P_240507_Salan006_C16S_setA,HTL009_GTAGAGGA_GTAAGGAG,,
HTF04T1,P_240507_Salan006_C16S_setA,HTF04T1_GTAGAGGA_ACTGCATA,,
HTF09T1,P_240507_Salan006_C16S_setA,HTF09T1_GTAGAGGA_AAGGAGTA,,
HTF12T1,P_240507_Salan006_C16S_setA,HTF12T1_GTAGAGGA_CTAAGCCT,,
HTL083,P_240507_Salan006_C16S_setA,HTL083_GTAGAGGA_CGTCTAAT,,
HTF08T1,P_240507_Salan006_C16S_setA,HTF08T1_GTAGAGGA_TCTCTCCG,,
HTL023,P_240507_Salan006_C16S_setA,HTL023_GCTCATGA_CTCTCTAT,,
HTL005,P_240507_Salan006_C16S_setA,HTL005_GCTCATGA_TATCCTCT,,
HTL028,P_240507_Salan006_C16S_setA,HTL028_GCTCATGA_GTAAGGAG,,
HTF09T0,P_240507_Salan006_C16S_setA,HTF09T0_GCTCATGA_ACTGCATA,,
HTF22T1,P_240507_Salan006_C16S_setA,HTF22T1_GCTCATGA_AAGGAGTA,,
HTF17T0,P_240507_Salan006_C16S_setA,HTF17T0_GCTCATGA_CTAAGCCT,,
HTF03T0,P_240507_Salan006_C16S_setA,HTF03T0_GCTCATGA_CGTCTAAT,,
HTF29T1,P_240507_Salan006_C16S_setA,HTF29T1_GCTCATGA_TCTCTCCG,,
HTL014,P_240507_Salan006_C16S_setA,HTL014_ATCTCAGG_CTCTCTAT,,
HTL080,P_240507_Salan006_C16S_setA,HTL080_ATCTCAGG_TATCCTCT,,
standard_setA_240612,P_240507_Salan006_C16S_setA,standard_setA_240612_ATCTCAGG_GTAAGGAG,,
NTC_setA_240612,P_240507_Salan006_C16S_setA,NTC_setA_240612_ATCTCAGG_ACTGCATA,,
stdw_setA_240612,P_240507_Salan006_C16S_setA,stdw_setA_240612_ATCTCAGG_AAGGAGTA,,
eb_setA_240612,P_240507_Salan006_C16S_setA,eb_setA_240612_ATCTCAGG_CTAAGCCT,,
pos_setA_240612,P_240507_Salan006_C16S_setA,pos_setA_240612_ATCTCAGG_CGTCTAAT,,
neg_setA_240612,P_240507_Salan006_C16S_setA,neg_setA_240612_ATCTCAGG_TCTCTCCG,,
FCRRRER15T1,P_240507_Salan005_C16S_setB,FCRRRER15T1_ACTCGCTA_CTCTCTAT,,
FCRRRER11T1,P_240507_Salan005_C16S_setB,FCRRRER11T1_ACTCGCTA_TATCCTCT,,
FCRRRER14T0,P_240507_Salan005_C16S_setB,FCRRRER14T0_ACTCGCTA_GTAAGGAG,,
FCRRRER08T1,P_240507_Salan005_C16S_setB,FCRRRER08T1_ACTCGCTA_ACTGCATA,,
FCRRRER17T0,P_240507_Salan005_C16S_setB,FCRRRER17T0_ACTCGCTA_AAGGAGTA,,
FCRRRER18T1,P_240507_Salan005_C16S_setB,FCRRRER18T1_ACTCGCTA_CTAAGCCT,,
FCRRRER10T0,P_240507_Salan005_C16S_setB,FCRRRER10T0_ACTCGCTA_CGTCTAAT,,
FCRRRER25T0,P_240507_Salan005_C16S_setB,FCRRRER25T0_ACTCGCTA_TCTCTCCG,,
FCRRRER06T1,P_240507_Salan005_C16S_setB,FCRRRER06T1_GGAGCTAC_CTCTCTAT,,
FCRRRER16T0,P_240507_Salan005_C16S_setB,FCRRRER16T0_GGAGCTAC_TATCCTCT,,
FCRRRER03T0,P_240507_Salan005_C16S_setB,FCRRRER03T0_GGAGCTAC_GTAAGGAG,,
FCRRRER12T1,P_240507_Salan005_C16S_setB,FCRRRER12T1_GGAGCTAC_ACTGCATA,,
FCRRRER18T0,P_240507_Salan005_C16S_setB,FCRRRER18T0_GGAGCTAC_AAGGAGTA,,
FCRRRER14T1,P_240507_Salan005_C16S_setB,FCRRRER14T1_GGAGCTAC_CTAAGCCT,,
FCRRRER05T0,P_240507_Salan005_C16S_setB,FCRRRER05T0_GGAGCTAC_CGTCTAAT,,
FCRRRER27T0,P_240507_Salan005_C16S_setB,FCRRRER27T0_GGAGCTAC_TCTCTCCG,,
FCRRRER06T0,P_240507_Salan005_C16S_setB,FCRRRER06T0_GCGTAGTA_CTCTCTAT,,
FCRRRER16T1,P_240507_Salan005_C16S_setB,FCRRRER16T1_GCGTAGTA_TATCCTCT,,
FCRRRER03T1,P_240507_Salan005_C16S_setB,FCRRRER03T1_GCGTAGTA_GTAAGGAG,,
FCRRRER13T0,P_240507_Salan005_C16S_setB,FCRRRER13T0_GCGTAGTA_ACTGCATA,,
FCRRRER22T0,P_240507_Salan005_C16S_setB,FCRRRER22T0_GCGTAGTA_AAGGAGTA,,
FCRRRER15T0,P_240507_Salan005_C16S_setB,FCRRRER15T0_GCGTAGTA_CTAAGCCT,,
FCRRRER26T1,P_240507_Salan005_C16S_setB,FCRRRER26T1_GCGTAGTA_CGTCTAAT,,
FCRRRER28T0,P_240507_Salan005_C16S_setB,FCRRRER28T0_GCGTAGTA_TCTCTCCG,,
FCRRRER01T0,P_240507_Salan005_C16S_setB,FCRRRER01T0_CGGAGCCT_CTCTCTAT,,
FCRRRER07T1,P_240507_Salan005_C16S_setB,FCRRRER07T1_CGGAGCCT_TATCCTCT,,
FCRRRER08T0,P_240507_Salan005_C16S_setB,FCRRRER08T0_CGGAGCCT_GTAAGGAG,,
FCRRRER09T0,P_240507_Salan005_C16S_setB,FCRRRER09T0_CGGAGCCT_ACTGCATA,,
FCRRRER09T1,P_240507_Salan005_C16S_setB,FCRRRER09T1_CGGAGCCT_AAGGAGTA,,
FCRRRER25T1,P_240507_Salan005_C16S_setB,FCRRRER25T1_CGGAGCCT_CTAAGCCT,,
FCRRRER24T1,P_240507_Salan005_C16S_setB,FCRRRER24T1_CGGAGCCT_CGTCTAAT,,
FCRRRER28T1,P_240507_Salan005_C16S_setB,FCRRRER28T1_CGGAGCCT_TCTCTCCG,,
FCRRRER01T1,P_240507_Salan005_C16S_setB,FCRRRER01T1_TACGCTGC_CTCTCTAT,,
FCRRRER21T0,P_240507_Salan005_C16S_setB,FCRRRER21T0_TACGCTGC_TATCCTCT,,
FCRRRER04T1,P_240507_Salan005_C16S_setB,FCRRRER04T1_TACGCTGC_GTAAGGAG,,
FCRRRER19T1,P_240507_Salan005_C16S_setB,FCRRRER19T1_TACGCTGC_ACTGCATA,,
FCRRRER26T0,P_240507_Salan005_C16S_setB,FCRRRER26T0_TACGCTGC_AAGGAGTA,,
FCRRRER23T1,P_240507_Salan005_C16S_setB,FCRRRER23T1_TACGCTGC_CTAAGCCT,,
FCRRRER24T0,P_240507_Salan005_C16S_setB,FCRRRER24T0_TACGCTGC_CGTCTAAT,,
FCRRRER32T0,P_240507_Salan005_C16S_setB,FCRRRER32T0_TACGCTGC_TCTCTCCG,,
FCRRRER02T0,P_240507_Salan005_C16S_setB,FCRRRER02T0_ATGCGCAG_CTCTCTAT,,
FCRRRER04T0,P_240507_Salan005_C16S_setB,FCRRRER04T0_ATGCGCAG_TATCCTCT,,
FCRRRER19T0,P_240507_Salan005_C16S_setB,FCRRRER19T0_ATGCGCAG_GTAAGGAG,,
FCRRRER21T1,P_240507_Salan005_C16S_setB,FCRRRER21T1_ATGCGCAG_ACTGCATA,,
FCRRRER23T0,P_240507_Salan005_C16S_setB,FCRRRER23T0_ATGCGCAG_AAGGAGTA,,
FCRRRER29T0,P_240507_Salan005_C16S_setB,FCRRRER29T0_ATGCGCAG_CTAAGCCT,,
FCRRRER29T1,P_240507_Salan005_C16S_setB,FCRRRER29T1_ATGCGCAG_CGTCTAAT,,
FCRRRER33T1,P_240507_Salan005_C16S_setB,FCRRRER33T1_ATGCGCAG_TCTCTCCG,,
FCRRRER07T0,P_240507_Salan005_C16S_setB,FCRRRER07T0_TAGCGCTC_CTCTCTAT,,
FCRRRER05T1,P_240507_Salan005_C16S_setB,FCRRRER05T1_TAGCGCTC_TATCCTCT,,
FCRRRER20T1,P_240507_Salan005_C16S_setB,FCRRRER20T1_TAGCGCTC_GTAAGGAG,,
FCRRRER27T1,P_240507_Salan005_C16S_setB,FCRRRER27T1_TAGCGCTC_ACTGCATA,,
FCRRRER31T1,P_240507_Salan005_C16S_setB,FCRRRER31T1_TAGCGCTC_AAGGAGTA,,
FCRRRER32T1,P_240507_Salan005_C16S_setB,FCRRRER32T1_TAGCGCTC_CTAAGCCT,,
FCRRRER36T0,P_240507_Salan005_C16S_setB,FCRRRER36T0_TAGCGCTC_CGTCTAAT,,
FCRRRER34T1,P_240507_Salan005_C16S_setB,FCRRRER34T1_TAGCGCTC_TCTCTCCG,,
FCRRRER11T0,P_240507_Salan005_C16S_setB,FCRRRER11T0_ACTGAGCG_CTCTCTAT,,
FCRRRER20T0,P_240507_Salan005_C16S_setB,FCRRRER20T0_ACTGAGCG_TATCCTCT,,
FCRRRER34T0,P_240507_Salan005_C16S_setB,FCRRRER34T0_ACTGAGCG_GTAAGGAG,,
FCRRRER33T0,P_240507_Salan005_C16S_setB,FCRRRER33T0_ACTGAGCG_ACTGCATA,,
FCRRRER30T1,P_240507_Salan005_C16S_setB,FCRRRER30T1_ACTGAGCG_AAGGAGTA,,
FCRRRER35T1,P_240507_Salan005_C16S_setB,FCRRRER35T1_ACTGAGCG_CTAAGCCT,,
FCRRRER37T0,P_240507_Salan005_C16S_setB,FCRRRER37T0_ACTGAGCG_CGTCTAAT,,
FCRRRER38T0,P_240507_Salan005_C16S_setB,FCRRRER38T0_ACTGAGCG_TCTCTCCG,,
FCRRRER12T0,P_240507_Salan005_C16S_setB,FCRRRER12T0_CCTAAGAC_CTCTCTAT,,
FCRRRER22T1,P_240507_Salan005_C16S_setB,FCRRRER22T1_CCTAAGAC_TATCCTCT,,
FCRRRER31T0,P_240507_Salan005_C16S_setB,FCRRRER31T0_CCTAAGAC_GTAAGGAG,,
FCRRRER30T0,P_240507_Salan005_C16S_setB,FCRRRER30T0_CCTAAGAC_ACTGCATA,,
FCRRRER35T0,P_240507_Salan005_C16S_setB,FCRRRER35T0_CCTAAGAC_AAGGAGTA,,
FCRRRER36T1,P_240507_Salan005_C16S_setB,FCRRRER36T1_CCTAAGAC_CTAAGCCT,,
FCRRRER37T1,P_240507_Salan005_C16S_setB,FCRRRER37T1_CCTAAGAC_CGTCTAAT,,
FCRRRER38T1,P_240507_Salan005_C16S_setB,FCRRRER38T1_CCTAAGAC_TCTCTCCG,,
FCRRRER39T1,P_240507_Salan005_C16S_setB,FCRRRER39T1_CGATCAGT_CTCTCTAT,,
FCRRRER42T0,P_240507_Salan005_C16S_setB,FCRRRER42T0_CGATCAGT_TATCCTCT,,
FCRRRER42T1,P_240507_Salan005_C16S_setB,FCRRRER42T1_CGATCAGT_GTAAGGAG,,
FCRRRER41T0,P_240507_Salan005_C16S_setB,FCRRRER41T0_CGATCAGT_ACTGCATA,,
FCRRRER41T1,P_240507_Salan005_C16S_setB,FCRRRER41T1_CGATCAGT_AAGGAGTA,,
FCRRRER40T0,P_240507_Salan005_C16S_setB,FCRRRER40T0_CGATCAGT_CTAAGCCT,,
FCRRRER40T1,P_240507_Salan005_C16S_setB,FCRRRER40T1_CGATCAGT_CGTCTAAT,,
FCRRRER39T0,P_240507_Salan005_C16S_setB,FCRRRER39T0_CGATCAGT_TCTCTCCG,,
FCRRRER45T0,P_240507_Salan005_C16S_setB,FCRRRER45T0_TGCAGCTA_CTCTCTAT,,
FCRRRER49T1,P_240507_Salan005_C16S_setB,FCRRRER49T1_TGCAGCTA_TATCCTCT,,
FCRRRER46T0,P_240507_Salan005_C16S_setB,FCRRRER46T0_TGCAGCTA_GTAAGGAG,,
FCRRRER50T0,P_240507_Salan005_C16S_setB,FCRRRER50T0_TGCAGCTA_ACTGCATA,,
FCRRRER50T1,P_240507_Salan005_C16S_setB,FCRRRER50T1_TGCAGCTA_AAGGAGTA,,
FCRRRER46T1,P_240507_Salan005_C16S_setB,FCRRRER46T1_TGCAGCTA_CTAAGCCT,,
FCRRRER51T0,P_240507_Salan005_C16S_setB,FCRRRER51T0_TGCAGCTA_CGTCTAAT,,
FCRRRER51T1,P_240507_Salan005_C16S_setB,FCRRRER51T1_TGCAGCTA_TCTCTCCG,,
TPIK39T0,P_240507_Salan005_C16S_setB,TKIP39T0_TCGACGTC_CTCTCTAT,,
FCRRRER45T1,P_240507_Salan005_C16S_setB,FCRRRER45T1_TCGACGTC_TATCCTCT,,
standard_setB_240612,P_240507_Salan005_C16S_setB,standard_setB_240612_TCGACGTC_GTAAGGAG,,
NTC_setB_240612,P_240507_Salan005_C16S_setB,NTC_setB_240612_TCGACGTC_ACTGCATA,,
stdw_setB_240612,P_240507_Salan005_C16S_setB,stdw_setB_240612_TCGACGTC_AAGGAGTA,,
eb_setB_240612,P_240507_Salan005_C16S_setB,eb_setB_240612_TCGACGTC_CTAAGCCT,,
pos_setB_240612,P_240507_Salan005_C16S_setB,pos_setB_240612_TCGACGTC_CGTCTAAT,,
neg_setB_240612,P_240507_Salan005_C16S_setB,neg_setB_240612_TCGACGTC_TCTCTCCG,,
HTF06T1,P_240507_Salan006_C16S_setC,HTF06T1_TAAGGCGA_TCGACTAG,,
HTF01T1,P_240507_Salan006_C16S_setC,HTF01T1_TAAGGCGA_TTCTAGCT,,
HTF26T0,P_240507_Salan006_C16S_setC,HTF26T0_TAAGGCGA_CCTAGAGT,,
HTL077,P_240507_Salan006_C16S_setC,HTL077_TAAGGCGA_GCGTAAGA,,
HTF20T0,P_240507_Salan006_C16S_setC,HTF20T0_TAAGGCGA_CTATTAAG,,
HTL089,P_240507_Salan006_C16S_setC,HTL089_TAAGGCGA_AAGGCTAT,,
HTL091,P_240507_Salan006_C16S_setC,HTL091_TAAGGCGA_GAGCCTTA,,
HTLCO04,P_240507_Salan006_C16S_setC,HTLCO04_TAAGGCGA_TTATGCGA,,
HTF11T0,P_240507_Salan006_C16S_setC,HTF11T0_CGTACTAG_TCGACTAG,,
HTF01T0,P_240507_Salan006_C16S_setC,HTF01T0_CGTACTAG_TTCTAGCT,,
HTF06T0,P_240507_Salan006_C16S_setC,HTF06T0_CGTACTAG_CCTAGAGT,,
HTL087,P_240507_Salan006_C16S_setC,HTL087_CGTACTAG_GCGTAAGA,,
HTL079,P_240507_Salan006_C16S_setC,HTL079_CGTACTAG_CTATTAAG,,
HTF20T1,P_240507_Salan006_C16S_setC,HTF20T1_CGTACTAG_AAGGCTAT,,
HTF25T1,P_240507_Salan006_C16S_setC,HTF25T1_CGTACTAG_GAGCCTTA,,
HTF19T0,P_240507_Salan006_C16S_setC,HTF19T0_CGTACTAG_TTATGCGA,,
HTF05T1,P_240507_Salan006_C16S_setC,HTF05T1_AGGCAGAA_TCGACTAG,,
HTF15T1,P_240507_Salan006_C16S_setC,HTF15T1_AGGCAGAA_TTCTAGCT,,
HTF10T1,P_240507_Salan006_C16S_setC,HTF10T1_AGGCAGAA_CCTAGAGT,,
HTF24T1,P_240507_Salan006_C16S_setC,HTF24T1_AGGCAGAA_GCGTAAGA,,
HTF14T1,P_240507_Salan006_C16S_setC,HTF14T1_AGGCAGAA_CTATTAAG,,
HTLCO05,P_240507_Salan006_C16S_setC,HTLCO05_AGGCAGAA_AAGGCTAT,,
CDROX03U1T5,P_240507_Salan006_C16S_setC,CDROX03U1T5_AGGCAGAA_GAGCCTTA,,
CDROX03U2T2,P_240507_Salan006_C16S_setC,CDROX03U2T2_AGGCAGAA_TTATGCGA,,
HTF15T0,P_240507_Salan006_C16S_setC,HTF15T0_TCCTGAGC_TCGACTAG,,
HTF10T0,P_240507_Salan006_C16S_setC,HTF10T0_TCCTGAGC_TTCTAGCT,,
HTL090,P_240507_Salan006_C16S_setC,HTL090_TCCTGAGC_CCTAGAGT,,
HTLCO01,P_240507_Salan006_C16S_setC,HTLCO01_TCCTGAGC_GCGTAAGA,,
HTLCO02,P_240507_Salan006_C16S_setC,HTLCO02_TCCTGAGC_CTATTAAG,,
CDROX03U2T0,P_240507_Salan006_C16S_setC,CDROX03U2T0_TCCTGAGC_AAGGCTAT,,
CDROX03U3T2,P_240507_Salan006_C16S_setC,CDROX03U3T2_TCCTGAGC_GAGCCTTA,,
CDROX03U1T0,P_240507_Salan006_C16S_setC,CDROX03U1T0_TCCTGAGC_TTATGCGA,,
HTF02T0,P_240507_Salan006_C16S_setC,HTF02T0_GGACTCCT_TCGACTAG,,
CDROX03U3T4,P_240507_Salan006_C16S_setC,CDROX03U3T4_GGACTCCT_TTCTAGCT,,
CDROX02U2T4,P_240507_Salan006_C16S_setC,CDROX02U2T4_GGACTCCT_CCTAGAGT,,
CDROX03U2T5,P_240507_Salan006_C16S_setC,CDROX03U2T5_GGACTCCT_GCGTAAGA,,
HTL078,P_240507_Salan006_C16S_setC,HTL078_GGACTCCT_CTATTAAG,,
CDROX03U4T2,P_240507_Salan006_C16S_setC,CDROX03U4T2_GGACTCCT_AAGGCTAT,,
CDROX02U4T4,P_240507_Salan006_C16S_setC,CDROX02U4T4_GGACTCCT_GAGCCTTA,,
CDROX02U2T2,P_240507_Salan006_C16S_setC,CDROX02U2T2_GGACTCCT_TTATGCGA,,
HTF19T1,P_240507_Salan006_C16S_setC,HTF19T1_TAGGCATG_TCGACTAG,,
HTLCO03,P_240507_Salan006_C16S_setC,HTLCO03_TAGGCATG_TTCTAGCT,,
CDROX03U4T4,P_240507_Salan006_C16S_setC,CDROX03U4T4_TAGGCATG_CCTAGAGT,,
CDROX02U3T4,P_240507_Salan006_C16S_setC,CDROX02U3T4_TAGGCATG_GCGTAAGA,,
HTF25T0,P_240507_Salan006_C16S_setC,HTF25T0_TAGGCATG_CTATTAAG,,
CDROX03U3T0,P_240507_Salan006_C16S_setC,CDROX03U3T0_TAGGCATG_AAGGCTAT,,
CDROX03U1T3,P_240507_Salan006_C16S_setC,CDROX03U1T3_TAGGCATG_GAGCCTTA,,
CDROX02Slurry,P_240507_Salan006_C16S_setC,CDROX02Slurry_TAGGCATG_TTATGCGA,,
CDROX03U4T0,P_240507_Salan006_C16S_setC,CDROX03U4T0_CTCTCTAC_TCGACTAG,,
CDROX02U3T2,P_240507_Salan006_C16S_setC,CDROX02U3T2_CTCTCTAC_TTCTAGCT,,
CDROX02U1T5,P_240507_Salan006_C16S_setC,CDROX02U1T5_CTCTCTAC_CCTAGAGT,,
CDROX03U2T3,P_240507_Salan006_C16S_setC,CDROX03U2T3_CTCTCTAC_GCGTAAGA,,
CDROX03U4T5,P_240507_Salan006_C16S_setC,CDROX03U4T5_CTCTCTAC_CTATTAAG,,
CDROXCO01,P_240507_Salan006_C16S_setC,CDROXCO01_CTCTCTAC_AAGGCTAT,,
CDROX02U3T5,P_240507_Salan006_C16S_setC,CDROX02U3T5_CTCTCTAC_GAGCCTTA,,
CDROX02U1T2,P_240507_Salan006_C16S_setC,CDROX02U1T2_CTCTCTAC_TTATGCGA,,
CDROX02U4T2,P_240507_Salan006_C16S_setC,CDROX02U4T2_CGAGGCTG_TCGACTAG,,
CDROX02U1T0,P_240507_Salan006_C16S_setC,CDROX02U1T0_CGAGGCTG_TTCTAGCT,,
CDROX03U3T5,P_240507_Salan006_C16S_setC,CDROX03U3T5_CGAGGCTG_CCTAGAGT,,
CDROX03U3T3,P_240507_Salan006_C16S_setC,CDROX03U3T3_CGAGGCTG_GCGTAAGA,,
CDROX03U4T3,P_240507_Salan006_C16S_setC,CDROX03U4T3_CGAGGCTG_CTATTAAG,,
CDROX03U3T1,P_240507_Salan006_C16S_setC,CDROX03U3T1_CGAGGCTG_AAGGCTAT,,
CDROX02U4T5,P_240507_Salan006_C16S_setC,CDROX02U4T5_CGAGGCTG_GAGCCTTA,,
CDROX03U1T4,P_240507_Salan006_C16S_setC,CDROX03U1T4_CGAGGCTG_TTATGCGA,,
CDROX02U2T0,P_240507_Salan006_C16S_setC,CDROX02U2T0_AAGAGGCA_TCGACTAG,,
CDROX02U1T3,P_240507_Salan006_C16S_setC,CDROX02U1T3_AAGAGGCA_TTCTAGCT,,
CDROX03U1T1,P_240507_Salan006_C16S_setC,CDROX03U1T1_AAGAGGCA_CCTAGAGT,,
CDROX02U2T5,P_240507_Salan006_C16S_setC,CDROX02U2T5_AAGAGGCA_GCGTAAGA,,
CDROX03U2T1,P_240507_Salan006_C16S_setC,CDROX03U2T1_AAGAGGCA_CTATTAAG,,
CDROX03U4T1,P_240507_Salan006_C16S_setC,CDROX03U4T1_AAGAGGCA_AAGGCTAT,,
CDROX02U3T3,P_240507_Salan006_C16S_setC,CDROX02U3T3_AAGAGGCA_GAGCCTTA,,
CDROX02U2T3,P_240507_Salan006_C16S_setC,CDROX02U2T3_AAGAGGCA_TTATGCGA,,
CDROX03Stool,P_240507_Salan006_C16S_setC,CDROX03Stool_GTAGAGGA_TCGACTAG,,
CDROX02U4T0,P_240507_Salan006_C16S_setC,CDROX02U4T0_GTAGAGGA_TTCTAGCT,,
CDROX02U3T0,P_240507_Salan006_C16S_setC,CDROX02U3T0_GTAGAGGA_CCTAGAGT,,
CDROX01U4T4,P_240507_Salan006_C16S_setC,CDROX01U4T4_GTAGAGGA_GCGTAAGA,,
CDROX02U4T3,P_240507_Salan006_C16S_setC,CDROX02U4T3_GTAGAGGA_CTATTAAG,,
CDROX02U3T1,P_240507_Salan006_C16S_setC,CDROX02U3T1_GTAGAGGA_AAGGCTAT,,
CDROXCO03,P_240507_Salan006_C16S_setC,CDROXCO03_GTAGAGGA_GAGCCTTA,,
CDROX03U2T4,P_240507_Salan006_C16S_setC,CDROX03U2T4_GTAGAGGA_TTATGCGA,,
CDROX02U1T1,P_240507_Salan006_C16S_setC,CDROX02U1T1_GCTCATGA_TCGACTAG,,
CDROXCO02,P_240507_Salan006_C16S_setC,CDROXCO02_GCTCATGA_TTCTAGCT,,
CDROX01U3T4,P_240507_Salan006_C16S_setC,CDROX01U3T4_GCTCATGA_CCTAGAGT,,
CDROX01U1T5,P_240507_Salan006_C16S_setC,CDROX01U1T5_GCTCATGA_GCGTAAGA,,
CDROX02U2T1,P_240507_Salan006_C16S_setC,CDROX02U2T1_GCTCATGA_CTATTAAG,,
CDROX01U3T5,P_240507_Salan006_C16S_setC,CDROX01U3T5_GCTCATGA_AAGGCTAT,,
CDROX01U4T5,P_240507_Salan006_C16S_setC,CDROX01U4T5_GCTCATGA_GAGCCTTA,,
CDROX03U1T2,P_240507_Salan006_C16S_setC,CDROX03U1T2_GCTCATGA_TTATGCGA,,
CDROX01U2T5,P_240507_Salan006_C16S_setC,CDROX01U2T5_ATCTCAGG_TCGACTAG,,
CDROX01U3T2,P_240507_Salan006_C16S_setC,CDROX01U3T2_ATCTCAGG_TTCTAGCT,,
standard_setC_240612,P_240507_Salan006_C16S_setC,standard_setC_240612_ATCTCAGG_CCTAGAGT,,
NTC_setC_240612,P_240507_Salan006_C16S_setC,NTC_setC_240612_ATCTCAGG_GCGTAAGA,,
stdw_setC_240612,P_240507_Salan006_C16S_setC,stdw_setC_240612_ATCTCAGG_CTATTAAG,,
eb_setC_240612,P_240507_Salan006_C16S_setC,eb_setC_240612_ATCTCAGG_AAGGCTAT,,
pos_setC_240612,P_240507_Salan006_C16S_setC,pos_setC_240612_ATCTCAGG_GAGCCTTA,,
neg_setC_240612,P_240507_Salan006_C16S_setC,neg_setC_240612_ATCTCAGG_TTATGCGA,,
HTF35T1,P_240507_Salan006_C16S_setD,HTF35T1_ACTCGCTA_TCGACTAG,,
HTF43T1,P_240507_Salan006_C16S_setD,HTF43T1_ACTCGCTA_TTCTAGCT,,
HTF35T0,P_240507_Salan006_C16S_setD,HTF35T0_ACTCGCTA_CCTAGAGT,,
HTF43T0,P_240507_Salan006_C16S_setD,HTF43T0_ACTCGCTA_GCGTAAGA,,
HTFCO1,P_240507_Salan006_C16S_setD,HTFCO1_ACTCGCTA_CTATTAAG,,
HTF49T0,P_240507_Salan006_C16S_setD,HTF49T0_ACTCGCTA_AAGGCTAT,,
HTL010,P_240507_Salan006_C16S_setD,HTL010_ACTCGCTA_GAGCCTTA,,
HTL003,P_240507_Salan006_C16S_setD,HTL003_ACTCGCTA_TTATGCGA,,
HTL051,P_240507_Salan006_C16S_setD,HTL051_GGAGCTAC_TCGACTAG,,
HTL002,P_240507_Salan006_C16S_setD,HTL002_GGAGCTAC_TTCTAGCT,,
HTF56T0,P_240507_Salan006_C16S_setD,HTF56T0_GGAGCTAC_CCTAGAGT,,
HTL060,P_240507_Salan006_C16S_setD,HTL060_GGAGCTAC_GCGTAAGA,,
HTL071,P_240507_Salan006_C16S_setD,HTL071_GGAGCTAC_CTATTAAG,,
HTL011,P_240507_Salan006_C16S_setD,HTL011_GGAGCTAC_AAGGCTAT,,
HTL020,P_240507_Salan006_C16S_setD,HTL020_GGAGCTAC_GAGCCTTA,,
HTL012,P_240507_Salan006_C16S_setD,HTL012_GGAGCTAC_TTATGCGA,,
HTL030,P_240507_Salan006_C16S_setD,HTL030_GCGTAGTA_TCGACTAG,,
HTL019,P_240507_Salan006_C16S_setD,HTL019_GCGTAGTA_TTCTAGCT,,
HTF60T1,P_240507_Salan006_C16S_setD,HTF60T1_GCGTAGTA_CCTAGAGT,,
HTF55T0,P_240507_Salan006_C16S_setD,HTF55T0_GCGTAGTA_GCGTAAGA,,
HTF48T1,P_240507_Salan006_C16S_setD,HTF48T1_GCGTAGTA_CTATTAAG,,
HTF41T1,P_240507_Salan006_C16S_setD,HTF41T1_GCGTAGTA_AAGGCTAT,,
HTF34T1,P_240507_Salan006_C16S_setD,HTF34T1_GCGTAGTA_GAGCCTTA,,
HTL021,P_240507_Salan006_C16S_setD,HTL021_GCGTAGTA_TTATGCGA,,
HTL029,P_240507_Salan006_C16S_setD,HTL029_CGGAGCCT_TCGACTAG,,
HTL039,P_240507_Salan006_C16S_setD,HTL039_CGGAGCCT_TTCTAGCT,,
HTF41T0,P_240507_Salan006_C16S_setD,HTF41T0_CGGAGCCT_CCTAGAGT,,
HTF48T0,P_240507_Salan006_C16S_setD,HTF48T0_CGGAGCCT_GCGTAAGA,,
HTF53T1,P_240507_Salan006_C16S_setD,HTF53T1_CGGAGCCT_CTATTAAG,,
HTF40T1,P_240507_Salan006_C16S_setD,HTF40T1_CGGAGCCT_AAGGCTAT,,
HTF34T0,P_240507_Salan006_C16S_setD,HTF34T0_CGGAGCCT_GAGCCTTA,,
HTF59T0,P_240507_Salan006_C16S_setD,HTF59T0_CGGAGCCT_TTATGCGA,,
HTF33T1,P_240507_Salan006_C16S_setD,HTF33T1_TACGCTGC_TCGACTAG,,
HTF60T0,P_240507_Salan006_C16S_setD,HTF60T0_TACGCTGC_TTCTAGCT,,
HTF59T1,P_240507_Salan006_C16S_setD,HTF59T1_TACGCTGC_CCTAGAGT,,
HTF54T1,P_240507_Salan006_C16S_setD,HTF54T1_TACGCTGC_GCGTAAGA,,
HTF47T1,P_240507_Salan006_C16S_setD,HTF47T1_TACGCTGC_CTATTAAG,,
HTL040,P_240507_Salan006_C16S_setD,HTL040_TACGCTGC_AAGGCTAT,,
HTL048,P_240507_Salan006_C16S_setD,HTL048_TACGCTGC_GAGCCTTA,,
HTL050,P_240507_Salan006_C16S_setD,HTL050_TACGCTGC_TTATGCGA,,
HTL049,P_240507_Salan006_C16S_setD,HTL049_ATGCGCAG_TCGACTAG,,
HTL041,P_240507_Salan006_C16S_setD,HTL041_ATGCGCAG_TTCTAGCT,,
HTL031,P_240507_Salan006_C16S_setD,HTL031_ATGCGCAG_CCTAGAGT,,
HTL058,P_240507_Salan006_C16S_setD,HTL058_ATGCGCAG_GCGTAAGA,,
HTF47T0,P_240507_Salan006_C16S_setD,HTF47T0_ATGCGCAG_CTATTAAG,,
HTL059,P_240507_Salan006_C16S_setD,HTL059_ATGCGCAG_AAGGCTAT,,
HTL069,P_240507_Salan006_C16S_setD,HTL069_ATGCGCAG_GAGCCTTA,,
HTF40T0,P_240507_Salan006_C16S_setD,HTF40T0_ATGCGCAG_TTATGCGA,,
HTF54T0,P_240507_Salan006_C16S_setD,HTF54T0_TAGCGCTC_TCGACTAG,,
HTL067,P_240507_Salan006_C16S_setD,HTL067_TAGCGCTC_TTCTAGCT,,
HTL057,P_240507_Salan006_C16S_setD,HTL057_TAGCGCTC_CCTAGAGT,,
HTF58T0,P_240507_Salan006_C16S_setD,HTF58T0_TAGCGCTC_GCGTAAGA,,
HTF46T1,P_240507_Salan006_C16S_setD,HTF46T1_TAGCGCTC_CTATTAAG,,
HTF33T0,P_240507_Salan006_C16S_setD,HTF33T0_TAGCGCTC_AAGGCTAT,,
HTF53T0,P_240507_Salan006_C16S_setD,HTF53T0_TAGCGCTC_GAGCCTTA,,
HTF32T1,P_240507_Salan006_C16S_setD,HTF32T1_TAGCGCTC_TTATGCGA,,
HTF39T1,P_240507_Salan006_C16S_setD,HTF39T1_ACTGAGCG_TCGACTAG,,
HTL068,P_240507_Salan006_C16S_setD,HTL068_ACTGAGCG_TTCTAGCT,,
HTF51T1,P_240507_Salan006_C16S_setD,HTF51T1_ACTGAGCG_CCTAGAGT,,
HTF58T1,P_240507_Salan006_C16S_setD,HTF58T1_ACTGAGCG_GCGTAAGA,,
HTF57T1,P_240507_Salan006_C16S_setD,HTF57T1_ACTGAGCG_CTATTAAG,,
HTFCO5,P_240507_Salan006_C16S_setD,HTFCO5_ACTGAGCG_AAGGCTAT,,
CDROXCO05,P_240507_Salan006_C16S_setD,CDROXCO05_ACTGAGCG_GAGCCTTA,,
HTFCO4,P_240507_Salan006_C16S_setD,HTFCO4_ACTGAGCG_TTATGCGA,,
CDROXCO04,P_240507_Salan006_C16S_setD,CDROXCO04_CCTAAGAC_TCGACTAG,,
HTL001,P_240507_Salan006_C16S_setD,HTL001_CCTAAGAC_TTCTAGCT,,
HTFCO3,P_240507_Salan006_C16S_setD,HTFCO3_CCTAAGAC_CCTAGAGT,,
HTFCO2,P_240507_Salan006_C16S_setD,HTFCO2_CCTAAGAC_GCGTAAGA,,
HTF46T0,P_240507_Salan006_C16S_setD,HTF46T0_CCTAAGAC_CTATTAAG,,
HTF39T0,P_240507_Salan006_C16S_setD,HTF39T0_CCTAAGAC_AAGGCTAT,,
HTF32T0,P_240507_Salan006_C16S_setD,HTF32T0_CCTAAGAC_GAGCCTTA,,
HTF50T1,P_240507_Salan006_C16S_setD,HTF50T1_CCTAAGAC_TTATGCGA,,
HTF57T0,P_240507_Salan006_C16S_setD,HTF57T0_CGATCAGT_TCGACTAG,,
HTF51T0,P_240507_Salan006_C16S_setD,HTF51T0_CGATCAGT_TTCTAGCT,,
HTF56T1,P_240507_Salan006_C16S_setD,HTF56T1_CGATCAGT_CCTAGAGT,,
HTF45T1,P_240507_Salan006_C16S_setD,HTF45T1_CGATCAGT_GCGTAAGA,,
HTF50T0,P_240507_Salan006_C16S_setD,HTF50T0_CGATCAGT_CTATTAAG,,
HTF49T1,P_240507_Salan006_C16S_setD,HTF49T1_CGATCAGT_AAGGCTAT,,
HTF55T1,P_240507_Salan006_C16S_setD,HTF55T1_CGATCAGT_GAGCCTTA,,
HTF45T0,P_240507_Salan006_C16S_setD,HTF45T0_CGATCAGT_TTATGCGA,,
HTF37T1,P_240507_Salan006_C16S_setD,HTF37T1_TGCAGCTA_TCGACTAG,,
HTF31T1,P_240507_Salan006_C16S_setD,HTF31T1_TGCAGCTA_TTCTAGCT,,
HTF31T0,P_240507_Salan006_C16S_setD,HTF31T0_TGCAGCTA_CCTAGAGT,,
HTF37T0,P_240507_Salan006_C16S_setD,HTF37T0_TGCAGCTA_GCGTAAGA,,
HTF30T1,P_240507_Salan006_C16S_setD,HTF30T1_TGCAGCTA_CTATTAAG,,
HTF36T1,P_240507_Salan006_C16S_setD,HTF36T1_TGCAGCTA_AAGGCTAT,,
HTF36T0,P_240507_Salan006_C16S_setD,HTF36T0_TGCAGCTA_GAGCCTTA,,
HTF30T0,P_240507_Salan006_C16S_setD,HTF30T0_TGCAGCTA_TTATGCGA,,
HTF44T1,P_240507_Salan006_C16S_setD,HTF44T1_TCGACGTC_TCGACTAG,,
HTF44T0,P_240507_Salan006_C16S_setD,HTF44T0_TCGACGTC_TTCTAGCT,,
standard_setD_240612,P_240507_Salan006_C16S_setD,standard_setD_240612_TCGACGTC_CCTAGAGT,,
NTC_setD_240612,P_240507_Salan006_C16S_setD,NTC_setD_240612_TCGACGTC_GCGTAAGA,,
stdw_setD_240612,P_240507_Salan006_C16S_setD,stdw_setD_240612_TCGACGTC_CTATTAAG,,
eb_setD_240612,P_240507_Salan006_C16S_setD,eb_setD_240612_TCGACGTC_AAGGCTAT,,
pos_setD_240612,P_240507_Salan006_C16S_setD,pos_setD_240612_TCGACGTC_GAGCCTTA,,
neg_setD_240612,P_240507_Salan006_C16S_setD,neg_setD_240612_TCGACGTC_TTATGCGA,,
